{"as_of":"2025-09-12T01:46:56Z","lookback_days":90,"source":"okx/bybit + fallback snapshot","items":[{"id":"bitcoin","funding_z":-2.579041680217758,"oi_delta_z":-0.9539932127944637,"funding_days":68,"oi_days":13},{"id":"ethereum","funding_z":0.8350843840965997,"oi_delta_z":-1.40908891249959,"funding_days":68,"oi_days":13}],"sentiment":{"value":57,"classification":"Greed","timestamp":1757635200}}