{"as_of":"2025-10-01T02:00:58Z","lookback_days":90,"source":"okx/bybit + fallback snapshot","items":[{"id":"bitcoin","funding_z":-0.9429785612243027,"oi_delta_z":-0.23224212097102773,"funding_days":68,"oi_days":31},{"id":"ethereum","funding_z":-0.8317610869768662,"oi_delta_z":-0.6023874475942536,"funding_days":68,"oi_days":31}],"sentiment":{"value":49,"classification":"Neutral","timestamp":1759276800}}