{"as_of":"2025-10-04T01:44:43Z","lookback_days":90,"source":"okx/bybit + fallback snapshot","items":[{"id":"bitcoin","funding_z":-0.10181341120590962,"oi_delta_z":0.582368421282324,"funding_days":68,"oi_days":33},{"id":"ethereum","funding_z":0.5835132173344985,"oi_delta_z":-0.5702978862636116,"funding_days":68,"oi_days":33}],"sentiment":{"value":71,"classification":"Greed","timestamp":1759536000}}