{"as_of":"2025-09-27T01:46:10Z","lookback_days":90,"source":"okx/bybit + fallback snapshot","items":[{"id":"bitcoin","funding_z":-2.139022003492423,"oi_delta_z":-0.4252567102835665,"funding_days":68,"oi_days":27},{"id":"ethereum","funding_z":-1.9692414275510295,"oi_delta_z":-0.4663095978841629,"funding_days":68,"oi_days":27}],"sentiment":{"value":33,"classification":"Fear","timestamp":1758931200}}