{"as_of":"2025-10-18T01:46:54Z","lookback_days":90,"source":"okx/bybit + fallback snapshot","items":[{"id":"bitcoin","funding_z":-2.8092206284672874,"oi_delta_z":-0.3348946725451811,"funding_days":68,"oi_days":47},{"id":"ethereum","funding_z":-0.9528233075569486,"oi_delta_z":0.6445609749703993,"funding_days":68,"oi_days":47}],"sentiment":{"value":23,"classification":"Extreme Fear","timestamp":1760745600}}