{"as_of":"2025-10-05T01:58:52Z","lookback_days":90,"source":"okx/bybit + fallback snapshot","items":[{"id":"bitcoin","funding_z":0.9993340199251156,"oi_delta_z":1.2714333306045247,"funding_days":68,"oi_days":34},{"id":"ethereum","funding_z":1.0198094786474945,"oi_delta_z":0.5239150889600654,"funding_days":68,"oi_days":34}],"sentiment":{"value":74,"classification":"Greed","timestamp":1759622400}}