{"as_of":"2025-09-26T01:50:27Z","lookback_days":90,"source":"okx/bybit + fallback snapshot","items":[{"id":"bitcoin","funding_z":-1.6475488158400247,"oi_delta_z":-0.15155448114767026,"funding_days":68,"oi_days":26},{"id":"ethereum","funding_z":-4.685174011329989,"oi_delta_z":-0.0538189687182106,"funding_days":68,"oi_days":26}],"sentiment":{"value":28,"classification":"Fear","timestamp":1758844800}}