{"as_of":"2025-09-24T01:50:13Z","lookback_days":90,"source":"okx/bybit + fallback snapshot","items":[{"id":"bitcoin","funding_z":-1.530578458120631,"oi_delta_z":-1.3140646201980946,"funding_days":68,"oi_days":24},{"id":"ethereum","funding_z":-1.0865338271808327,"oi_delta_z":-2.430683777766359,"funding_days":68,"oi_days":24}],"sentiment":{"value":44,"classification":"Fear","timestamp":1758672000}}