{"as_of":"2025-10-09T01:50:15Z","lookback_days":90,"source":"okx/bybit + fallback snapshot","items":[{"id":"bitcoin","funding_z":-1.6699699687337948,"oi_delta_z":-0.5681913083595662,"funding_days":68,"oi_days":38},{"id":"ethereum","funding_z":-0.9278441956131672,"oi_delta_z":-1.4161016178302264,"funding_days":68,"oi_days":38}],"sentiment":{"value":70,"classification":"Greed","timestamp":1759968000}}