{"as_of":"2025-09-13T01:42:24Z","lookback_days":90,"source":"okx/bybit + fallback snapshot","items":[{"id":"bitcoin","funding_z":-3.1979729697397143,"oi_delta_z":-1.8959188875779536,"funding_days":68,"oi_days":14},{"id":"ethereum","funding_z":0.8054191412867262,"oi_delta_z":-1.2818812391002126,"funding_days":68,"oi_days":14}],"sentiment":{"value":52,"classification":"Neutral","timestamp":1757721600}}