{"as_of":"2025-09-29T01:53:34Z","lookback_days":90,"source":"okx/bybit + fallback snapshot","items":[{"id":"bitcoin","funding_z":-3.1145014048561563,"oi_delta_z":-0.33175964589440865,"funding_days":68,"oi_days":29},{"id":"ethereum","funding_z":-2.76581328148921,"oi_delta_z":-0.6484339127260903,"funding_days":68,"oi_days":29}],"sentiment":{"value":50,"classification":"Neutral","timestamp":1759104000}}