{"as_of":"2025-10-13T01:57:59Z","lookback_days":90,"source":"okx/bybit + fallback snapshot","items":[{"id":"bitcoin","funding_z":-1.6094970142219964,"oi_delta_z":-3.1444749963339853,"funding_days":68,"oi_days":42},{"id":"ethereum","funding_z":-1.1883596328908677,"oi_delta_z":-1.5635140643264764,"funding_days":68,"oi_days":42}],"sentiment":{"value":38,"classification":"Fear","timestamp":1760313600}}