{"as_of":"2025-09-11T01:51:16Z","lookback_days":90,"source":"okx/bybit + fallback snapshot","items":[{"id":"bitcoin","funding_z":-3.7435712029359394,"oi_delta_z":0.3780087080271384,"funding_days":68,"oi_days":12},{"id":"ethereum","funding_z":0.85984297918419,"oi_delta_z":-0.20017455973085413,"funding_days":68,"oi_days":12}],"sentiment":{"value":54,"classification":"Neutral","timestamp":1757548800}}