{"as_of":"2025-10-17T01:51:36Z","lookback_days":90,"source":"okx/bybit + fallback snapshot","items":[{"id":"bitcoin","funding_z":-1.09051738016572,"oi_delta_z":0.21476685421876748,"funding_days":68,"oi_days":46},{"id":"ethereum","funding_z":-0.41149900077993967,"oi_delta_z":-0.7532824419920718,"funding_days":68,"oi_days":46}],"sentiment":{"value":22,"classification":"Extreme Fear","timestamp":1760659200}}