{"as_of":"2025-09-06T01:46:55Z","lookback_days":90,"source":"okx/bybit + fallback snapshot","items":[{"id":"bitcoin","funding_z":0.23928898292504652,"oi_delta_z":-0.533598816919397,"funding_days":68,"oi_days":95},{"id":"ethereum","funding_z":0.2997050284673155,"oi_delta_z":0.8263947951725471,"funding_days":68,"oi_days":95}],"sentiment":{"value":48,"classification":"Neutral","timestamp":1757116800}}