{"as_of":"2025-09-10T01:48:30Z","lookback_days":90,"source":"okx/bybit + fallback snapshot","items":[{"id":"bitcoin","funding_z":-0.47964907387080086,"oi_delta_z":-0.40437567883361325,"funding_days":68,"oi_days":11},{"id":"ethereum","funding_z":0.8721687828314977,"oi_delta_z":0.5958591027218834,"funding_days":68,"oi_days":11}],"sentiment":{"value":49,"classification":"Neutral","timestamp":1757462400}}