{"as_of":"2025-09-25T01:51:07Z","lookback_days":90,"source":"okx/bybit + fallback snapshot","items":[{"id":"bitcoin","funding_z":-6.444816922164976,"oi_delta_z":-1.7211836003495844,"funding_days":68,"oi_days":25},{"id":"ethereum","funding_z":-3.0662775916445115,"oi_delta_z":-2.4362530909352658,"funding_days":68,"oi_days":25}],"sentiment":{"value":44,"classification":"Fear","timestamp":1758758400}}