{"as_of":"2025-08-24T12:50:58Z","lookback_days":90,"source":"bybit","items":[{"id":"bitcoin","funding_z":0.9165161518067105,"oi_delta_z":0.6190587440537835,"funding_days":67,"oi_days":91},{"id":"ethereum","funding_z":0.7519536615727557,"oi_delta_z":0.8433371613908147,"funding_days":67,"oi_days":91}]}