{"as_of":"2025-08-25T18:32:22Z","lookback_days":90,"source":"bybit","items":[{"id":"bitcoin","funding_z":0.8921529741964449,"oi_delta_z":0.3330210836147996,"funding_days":67,"oi_days":91},{"id":"ethereum","funding_z":0.22150537136665732,"oi_delta_z":0.9198152025075035,"funding_days":67,"oi_days":91}]}