{"as_of":"2025-09-30T01:48:37Z","lookback_days":90,"source":"okx/bybit + fallback snapshot","items":[{"id":"bitcoin","funding_z":-1.0983409625440355,"oi_delta_z":-0.05547341863171167,"funding_days":68,"oi_days":30},{"id":"ethereum","funding_z":-0.9116971949406518,"oi_delta_z":-0.19238363942746065,"funding_days":68,"oi_days":30}],"sentiment":{"value":50,"classification":"Neutral","timestamp":1759190400}}