{"as_of":"2025-09-19T01:51:29Z","lookback_days":90,"source":"okx/bybit + fallback snapshot","items":[{"id":"bitcoin","funding_z":-1.9773928121078446,"oi_delta_z":1.7723061889801548,"funding_days":68,"oi_days":20},{"id":"ethereum","funding_z":-1.7611905340323426,"oi_delta_z":-1.59471315504219,"funding_days":68,"oi_days":20}],"sentiment":{"value":53,"classification":"Neutral","timestamp":1758240000}}