{"as_of":"2025-09-18T01:48:16Z","lookback_days":90,"source":"okx/bybit + fallback snapshot","items":[{"id":"bitcoin","funding_z":0.1346413791844844,"oi_delta_z":-0.370020411088401,"funding_days":68,"oi_days":19},{"id":"ethereum","funding_z":-2.4073834677889927,"oi_delta_z":-1.9548605616400982,"funding_days":68,"oi_days":19}],"sentiment":{"value":52,"classification":"Neutral","timestamp":1758153600}}