{"as_of":"2025-10-03T01:48:27Z","lookback_days":90,"source":"okx/bybit + fallback snapshot","items":[{"id":"bitcoin","funding_z":-1.7120211095855995,"oi_delta_z":0.8720261569569216,"funding_days":68,"oi_days":32},{"id":"ethereum","funding_z":0.021417148162114433,"oi_delta_z":0.16201639055263833,"funding_days":68,"oi_days":32}],"sentiment":{"value":63,"classification":"Greed","timestamp":1759449600}}