{"as_of":"2025-09-14T01:55:36Z","lookback_days":90,"source":"okx/bybit + fallback snapshot","items":[{"id":"bitcoin","funding_z":0.6593722755785988,"oi_delta_z":-2.0188275257628834,"funding_days":68,"oi_days":15},{"id":"ethereum","funding_z":0.7850385749989665,"oi_delta_z":-0.15757600806792094,"funding_days":68,"oi_days":15}],"sentiment":{"value":55,"classification":"Greed","timestamp":1757808000}}