{"as_of":"2025-10-10T01:50:44Z","lookback_days":90,"source":"okx/bybit + fallback snapshot","items":[{"id":"bitcoin","funding_z":1.019388033110462,"oi_delta_z":-1.1062893651565089,"funding_days":68,"oi_days":39},{"id":"ethereum","funding_z":-0.8768458250304542,"oi_delta_z":-2.294702989645348,"funding_days":68,"oi_days":39}],"sentiment":{"value":64,"classification":"Greed","timestamp":1760054400}}