{"as_of":"2025-10-08T01:49:18Z","lookback_days":90,"source":"okx/bybit + fallback snapshot","items":[{"id":"bitcoin","funding_z":-1.00510189044556,"oi_delta_z":-0.4202671768353429,"funding_days":68,"oi_days":37},{"id":"ethereum","funding_z":-1.7585394545736077,"oi_delta_z":-1.9017448730806574,"funding_days":68,"oi_days":37}],"sentiment":{"value":60,"classification":"Greed","timestamp":1759881600}}