{"as_of":"2025-09-16T01:48:18Z","lookback_days":90,"source":"okx/bybit + fallback snapshot","items":[{"id":"bitcoin","funding_z":-5.0832940461575875,"oi_delta_z":-2.42509125954282,"funding_days":68,"oi_days":17},{"id":"ethereum","funding_z":0.7400815666648394,"oi_delta_z":-0.8114800237648112,"funding_days":68,"oi_days":17}],"sentiment":{"value":52,"classification":"Neutral","timestamp":1757980800}}