{"as_of":"2025-10-02T01:48:27Z","lookback_days":90,"source":"okx/bybit + fallback snapshot","items":[{"id":"bitcoin","funding_z":-0.9056740287761316,"oi_delta_z":1.5418575885396892,"funding_days":68,"oi_days":95},{"id":"ethereum","funding_z":-0.05921179310049812,"oi_delta_z":-0.532027931520532,"funding_days":68,"oi_days":95}],"sentiment":{"value":64,"classification":"Greed","timestamp":1759363200}}