{"as_of":"2025-10-06T01:51:51Z","lookback_days":90,"source":"okx/bybit + fallback snapshot","items":[{"id":"bitcoin","funding_z":1.0098023106394507,"oi_delta_z":0.43776344275360174,"funding_days":68,"oi_days":35},{"id":"ethereum","funding_z":0.2819874509791125,"oi_delta_z":-1.0770418330430793,"funding_days":68,"oi_days":35}],"sentiment":{"value":71,"classification":"Greed","timestamp":1759708800}}