{"as_of":"2025-09-23T01:48:55Z","lookback_days":90,"source":"okx/bybit + fallback snapshot","items":[{"id":"bitcoin","funding_z":-0.05084501640643953,"oi_delta_z":-1.8627005916287722,"funding_days":68,"oi_days":23},{"id":"ethereum","funding_z":-4.378441722026125,"oi_delta_z":-1.8282685993401608,"funding_days":68,"oi_days":23}],"sentiment":{"value":43,"classification":"Fear","timestamp":1758585600}}