{"as_of":"2025-10-14T01:51:21Z","lookback_days":90,"source":"okx/bybit + fallback snapshot","items":[{"id":"bitcoin","funding_z":-0.485999344453626,"oi_delta_z":0.14404150507418106,"funding_days":68,"oi_days":43},{"id":"ethereum","funding_z":-0.23118866682256548,"oi_delta_z":0.8579415783287707,"funding_days":68,"oi_days":43}],"sentiment":{"value":38,"classification":"Fear","timestamp":1760400000}}