{"as_of":"2025-10-07T01:49:17Z","lookback_days":90,"source":"okx/bybit + fallback snapshot","items":[{"id":"bitcoin","funding_z":1.0221748543118436,"oi_delta_z":0.6627117305100334,"funding_days":68,"oi_days":36},{"id":"ethereum","funding_z":0.9750587353254505,"oi_delta_z":0.009334888218561613,"funding_days":68,"oi_days":36}],"sentiment":{"value":70,"classification":"Greed","timestamp":1759795200}}