{"as_of":"2025-10-12T01:54:41Z","lookback_days":90,"source":"okx/bybit + fallback snapshot","items":[{"id":"bitcoin","funding_z":0.9386704196044974,"oi_delta_z":-3.450075681745756,"funding_days":68,"oi_days":41},{"id":"ethereum","funding_z":-0.5444999026504577,"oi_delta_z":-3.7162902189393794,"funding_days":68,"oi_days":41}],"sentiment":{"value":24,"classification":"Extreme Fear","timestamp":1760227200}}