{"as_of":"2025-09-28T01:59:34Z","lookback_days":90,"source":"okx/bybit + fallback snapshot","items":[{"id":"bitcoin","funding_z":-4.168222494410891,"oi_delta_z":-0.12256521168189372,"funding_days":68,"oi_days":28},{"id":"ethereum","funding_z":0.09859807398317594,"oi_delta_z":-0.19640454825190073,"funding_days":68,"oi_days":28}],"sentiment":{"value":37,"classification":"Fear","timestamp":1759017600}}