{"as_of":"2025-10-15T01:54:13Z","lookback_days":90,"source":"okx/bybit + fallback snapshot","items":[{"id":"bitcoin","funding_z":-0.05944548450868418,"oi_delta_z":0.18568260848401902,"funding_days":68,"oi_days":44},{"id":"ethereum","funding_z":0.27952331282679316,"oi_delta_z":0.5922758678332357,"funding_days":68,"oi_days":44}],"sentiment":{"value":34,"classification":"Fear","timestamp":1760486400}}