{"as_of":"2025-09-15T01:57:10Z","lookback_days":90,"source":"okx/bybit + fallback snapshot","items":[{"id":"bitcoin","funding_z":0.6348243216112825,"oi_delta_z":-2.2860599205050023,"funding_days":68,"oi_days":16},{"id":"ethereum","funding_z":0.7586663891609066,"oi_delta_z":0.2669639800274623,"funding_days":68,"oi_days":16}],"sentiment":{"value":53,"classification":"Neutral","timestamp":1757894400}}