{"as_of":"2025-09-20T01:46:25Z","lookback_days":90,"source":"okx/bybit + fallback snapshot","items":[{"id":"bitcoin","funding_z":-3.76566799639256,"oi_delta_z":-0.12277972227465644,"funding_days":68,"oi_days":21},{"id":"ethereum","funding_z":-2.4472774018579293,"oi_delta_z":0.6449635618801716,"funding_days":68,"oi_days":21}],"sentiment":{"value":48,"classification":"Neutral","timestamp":1758326400}}