{"as_of":"2025-10-16T01:53:04Z","lookback_days":90,"source":"okx/bybit + fallback snapshot","items":[{"id":"bitcoin","funding_z":-2.0928927022023167,"oi_delta_z":0.48519007831106026,"funding_days":68,"oi_days":45},{"id":"ethereum","funding_z":-0.7390626244121287,"oi_delta_z":-0.4282769230857916,"funding_days":68,"oi_days":45}],"sentiment":{"value":28,"classification":"Fear","timestamp":1760572800}}