{"as_of":"2025-09-22T01:58:51Z","lookback_days":90,"source":"okx/bybit + fallback snapshot","items":[{"id":"bitcoin","funding_z":-1.9487121451532685,"oi_delta_z":0.6251214030096289,"funding_days":68,"oi_days":22},{"id":"ethereum","funding_z":-2.0919162054199085,"oi_delta_z":-0.05100870391868075,"funding_days":68,"oi_days":22}],"sentiment":{"value":45,"classification":"Fear","timestamp":1758499200}}