{"as_of":"2025-09-21T01:58:33Z","lookback_days":90,"source":"okx/bybit + fallback snapshot","items":[{"id":"bitcoin","funding_z":-0.30047714443902834,"oi_delta_z":0.6438563611948962,"funding_days":68,"oi_days":95},{"id":"ethereum","funding_z":0.7303436334082409,"oi_delta_z":0.33755884069703196,"funding_days":68,"oi_days":95}],"sentiment":{"value":49,"classification":"Neutral","timestamp":1758412800}}