{"as_of":"2025-10-11T01:46:17Z","lookback_days":90,"source":"okx/bybit + fallback snapshot","items":[{"id":"bitcoin","funding_z":-18.7273773531569,"oi_delta_z":-4.617162481169183,"funding_days":68,"oi_days":40},{"id":"ethereum","funding_z":-30.519255017216864,"oi_delta_z":-3.744341277923863,"funding_days":68,"oi_days":40}],"sentiment":{"value":27,"classification":"Fear","timestamp":1760140800}}