{"as_of":"2025-09-17T01:48:09Z","lookback_days":90,"source":"okx/bybit + fallback snapshot","items":[{"id":"bitcoin","funding_z":0.581751711230278,"oi_delta_z":-0.2279615432785781,"funding_days":68,"oi_days":18},{"id":"ethereum","funding_z":-4.765811660738584,"oi_delta_z":-2.510851043678528,"funding_days":68,"oi_days":18}],"sentiment":{"value":53,"classification":"Neutral","timestamp":1758067200}}